//-----------------------------------------
//DBMS PROJECT AATISH 2017001 AKASH 2017013
//-----------------------------------------




insert into Categories values(1001,'Science');
insert into Categories values (3001,'History');
insert into Categories values (4001,'Music');
insert into Categories values (4002,'Art');
insert into Categories values (4003,'Literature');
insert into Categories values (4004,'Sports');
insert into Categories values (5002,'Philosophy');
insert into Categories values (5004,'Life_Style');

insert into Book values('Theory of Physics'                   ,85655,150,'NF',1800,2,0);
insert into Book values('Chemicals around us'	              ,56568,200,'NF',1998,5,0);
insert into Book values('The vast Cosmos'                     ,12125,250,'NF',2009,2,0);
insert into Book values('Ramanujan and Infinity'	          ,45896,260,'NF',2003,3,0);
insert into Book values('the Ahom Empire'	                  ,36241,300,'NF',2018,6,0);
insert into Book values('The French Revolution'	              ,12056,450,'NF',1999,4,0);
insert into Book values('The Vijaynagar Empire'	              ,15204,540,'NF',1956,5,0);
insert into Book values('Islam and the Mughals'	              ,15600,265,'NF',2000,8,0);
insert into Book values('Indias Destruction  in 600 years'    ,78950,245,'NF',2014,9,0);
insert into Book values('AR Rehman The Legend'	              ,45923,890,'NF',2016,2,0);
insert into Book values('Indian Classical Music'	          ,23140,562,'NF',2013,5,0);
insert into Book values('Western Classical Music'             ,26540,778,'NF',2014,3,0);
insert into Book values('Flute-The Legendary Instrument'	  ,27950,236,'NF',1999,1,0);
insert into Book values('Godan'                               ,56680,66	,'F' ,2014,4,0);
insert into Book values('The Orient Express'                  ,50503,999,'F' ,2018,5,0);
insert into Book values('Madhushala'	                      ,78910,1000,'F',2016,8,0);
insert into Book values('Rashmirathi'	                      ,56582,245,'NF',2017,9,0);
insert into Book values('To The Lighthouse'	                  ,22565,236,'F' ,2014,3,0);
insert into Book values('Great Expectations'	              ,56566,245,'F' ,2013,2,0);
insert into Book values('MS Dhoni - The Inspirational Story'  ,20231,856,'NF',2018,5,0);
insert into Book values('Roar of The Lion'	                  ,56565,524,'NF',2019,2,0);
insert into Book values('The Journey Of Cricket'	          ,56562,256,'NF',2011,3,0);
insert into Book values('Fall of Hockey in India'	          ,65622,888,'NF',2017,5,0);
insert into Book values('India and Olympics'                  ,12569,520,'NF',2018,4,0);
insert into Book values('History of Olympics'                 ,21458,540,'NF',2005,5,0);
insert into Book values('Positive Pshycology'                 ,56589,560,'NF',2008,6,0);
insert into Book values('The Vedic Method'                    ,23568,540,'NF',2016,3,0);
insert into Book values('The Road not Taken'                  ,45897,330,'NF',2014,2,0);
insert into Book values('Habits of Successful People'	      ,45213,230,'NF',1999,5,0);
insert into Book values('Why not to quit'	                  ,12589,450,'NF',1986,6,0);
insert into Book values('Building the Taj'	                  ,21202,890,'F' ,2007,4,0);
insert into Book values('Indian gems: VarahMihir and AryaBhatta',20013,	560,'NF',	2006,	8	,0);
insert into Book values('Shusruta Samhita'	                   ,24600	,260,'NF',	2009	,9	,0);
insert into Book values('Being Different'                     ,78895,300,'NF',2014,4,0);

insert into Publication values(85655,'Jaico','India',1980);
insert into Publication values(56568,'Saraswati','India',1970);
insert into Publication values(12125,'Pearson','USA',1800);
insert into Publication values(45896,'Saraswati','India',1970);
insert into Publication values(36241,'Saraswati','India',1970);
insert into Publication values(12056,'Pearson','USA',1800);
insert into Publication values(15204,'Jaico','India',1980);
insert into Publication values(15600,'Pearson','UK',1810);
insert into Publication values(78950,'Saraswati','India',1970);
insert into Publication values(45923,'Pearson','USA',1800);
insert into Publication values(23140,'Jaico','India',1980);
insert into Publication values(26540,'Harper Collins','India',1970);
insert into Publication values(27950,'Jaico','India',1980);
insert into Publication values(56680,'Oxford','India',1998);
insert into Publication values(50503,'Saraswati','India',1970);
insert into Publication values(78910,'Pearson','USA',1800);
insert into Publication values(56582,'Oxford','India',1998);
insert into Publication values(22565,'Jaico','India',1980);
insert into Publication values(56566,'Saraswati','India',1970);
insert into Publication values(20231,'Harper Collins','India',1970);
insert into Publication values(56565,'Oxford','India',1998);
insert into Publication values(56562,'Saraswati','India',1970);
insert into Publication values(65622,'Jaico','India',1980);
insert into Publication values(12569,'Pearson','USA',1800);
insert into Publication values(21458,'Harper Collins','India',1970);
insert into Publication values(56589,'Jaico','India',1980);
insert into Publication values(23568,'Saraswati','India',1970);
insert into Publication values(45897,'Jaico','India',1980);
insert into Publication values(45213,'Oxford','India',1998);
insert into Publication values(12589,'Pearson','UK',1810);
insert into Publication values(21202,'Saraswati','India',1970);
insert into Publication values(20013,'Harper Collins','India',1970);
insert into Publication values(24600,'Jaico','India',1980);
insert into Publication values(78895,'Pearson','USA',1800);


insert into Book_Type values(1001,85655);
insert into Book_Type values(1001,56568);
insert into Book_Type values(1001,12125);
insert into Book_Type values(1001,45896);
insert into Book_Type values(3001,45896);
insert into Book_Type values(3001,36241);
insert into Book_Type values(3001,12056);
insert into Book_Type values(3001,15204);
insert into Book_Type values(3001,15600);
insert into Book_Type values(3001,78950);
insert into Book_Type values(5002,15600);
insert into Book_Type values(4001,45923);
insert into Book_Type values(4001,23140);
insert into Book_Type values(4001,26540);
insert into Book_Type values(4001,27950);
insert into Book_Type values(4003,56680);
insert into Book_Type values(4003,50503);
insert into Book_Type values(4003,78910);
insert into Book_Type values(4003,56582);
insert into Book_Type values(3001,56582);
insert into Book_Type values(4003,22565);
insert into Book_Type values(4003,56566);
insert into Book_Type values(4004,20231);
insert into Book_Type values(4004,56565);
insert into Book_Type values(4004,56562);
insert into Book_Type values(4004,65622);
insert into Book_Type values(4004,12569);
insert into Book_Type values(4004,21458);
insert into Book_Type values(5002,56589);
insert into Book_Type values(5002,23568);
insert into Book_Type values(3001,23568);
insert into Book_Type values(5002,45897);
insert into Book_Type values(5002,45213);
insert into Book_Type values(5002,12589);
insert into Book_Type values(1001,21202);
insert into Book_Type values(1001,20013);
insert into Book_Type values(1001,24600);
insert into Book_Type values(5002,78895);
insert into Book_Type values(3001,21202);
insert into Book_Type values(4002,21202);
insert into Book_Type values(3001,20013);
insert into Book_Type values(3001,24600);

insert into  Author values('Avinash',63,1997,'India','avinash.in');
insert into  Author values('Aatish',64,1999,'Finland','aatish.com');
insert into  Author values('Ankita',71,1997,'Switzerland','ankita.in');
insert into  Author values('Anand',24,1998,'India','anand.in');
insert into  Author values('Piyush',89,1996,'Australia','piyush.org');
insert into  Author values('Sehaj',11,1997,'Mexico','sehaj.gov');
insert into  Author values('Himanshu',77,2000,'Venezuela','himanshu.com');
insert into  Author values('Gaurav',83,1998,'Mongolia','gaurav.in');

insert into Written_By values(85655,63);
insert into Written_By values(56568,64);
insert into Written_By values(12125,71);
insert into Written_By values(45896,24);
insert into Written_By values(36241,63);
insert into Written_By values(12056,71);
insert into Written_By values(15204,63);
insert into Written_By values(15600,71);
insert into Written_By values(78950,64);
insert into Written_By values(45923,24);
insert into Written_By values(23140,63);
insert into Written_By values(26540,71);
insert into Written_By values(27950,89);
insert into Written_By values(56680,63);
insert into Written_By values(50503,11);
insert into Written_By values(78910,63);
insert into Written_By values(56582,63);
insert into Written_By values(22565,71);
insert into Written_By values(56566,64);
insert into Written_By values(20231,64);
insert into Written_By values(56565,89);
insert into Written_By values(56562,71);
insert into Written_By values(65622,11);
insert into Written_By values(12569,63);
insert into Written_By values(21458,63);
insert into Written_By values(56589,71);
insert into Written_By values(23568,77);
insert into Written_By values(45897,71);
insert into Written_By values(45213,64);
insert into Written_By values(12589,83);
insert into Written_By values(21202,63);
insert into Written_By values(20013,71);
insert into Written_By values(24600,64);
insert into Written_By values(78895,63);
insert into Written_By values(65622,71);
insert into Written_By values(12569,89);
insert into Written_By values(21458,83);
insert into Written_By values(56589,11);
insert into Written_By values(23568,89);
insert into Written_By values(36241,24);
insert into Written_By values(12056,64);
insert into Written_By values(15204,83);
insert into Written_By values(36241,83);
insert into Written_By values(12056,63);
insert into Written_By values(15204,77);

insert into Student values('Akash','Singh',2017013);
insert into Student values('Aatiss','Chauhan',2017001);
insert into Student values('Ayush','Kushwaha',2017033);
insert into Student values('Ishani','Chaudhary',2017078);
insert into Student values('Atul','Anand',2017188);

insert into Stud_Cont values (2017013,9650061386);
insert into Stud_Cont values(2017013,8826416001);
insert into Stud_Cont values(2017013,9313488795);
insert into Stud_Cont values(2017001,7982342791);
insert into Stud_Cont values(2017001,7503011502);
insert into Stud_Cont values(2017033,8010037905);
insert into Stud_Cont values(2017078,7292064900);
insert into Stud_Cont values(2017188,9910765494);

insert into Writes_In values(4003,11);
insert into Writes_In values(4004,11);
insert into Writes_In values(5002,11);
insert into Writes_In values(4001,24);
insert into Writes_In values(1001,24);
insert into Writes_In values(3001,24);
insert into Writes_In values(1001,63);
insert into Writes_In values(3001,63);
insert into Writes_In values(4001,63);
insert into Writes_In values(4003,63);
insert into Writes_In values(4004,63);
insert into Writes_In values(4002,63);
insert into Writes_In values(5002,63);
insert into Writes_In values(1001,64);
insert into Writes_In values(3001,64);
insert into Writes_In values(4003,64);
insert into Writes_In values(4004,64);
insert into Writes_In values(5002,64);
insert into Writes_In values(1001,71);
insert into Writes_In values(3001,71);
insert into Writes_In values(5002,71);
insert into Writes_In values(4001,71);
insert into Writes_In values(4003,71);
insert into Writes_In values(4004,71);
insert into Writes_In values(5002,77);
insert into Writes_In values(3001,77);
insert into Writes_In values(5002,83);
insert into Writes_In values(4004,83);
insert into Writes_In values(3001,83);
insert into Writes_In values(4001,89);
insert into Writes_In values(4004,89);
insert into Writes_In values(5002,89);
insert into Writes_In values(3001,89);
insert into Writes_In values(4003,89);
insert into Writes_In values(4003,83);

insert into Pass values (2017013,12345);
insert into Pass values(2017001,12345);
insert into Pass values(2017033,12345);
insert into Pass values(2017078,12345);
insert into Pass values(2017188,12345);